ID,NAME,FPl,Layer,SubLayer,PosX,PosY,PosZ,TUCal,TUOff,TUSlw,QUCal,QUPed,TDCal,TDOff,TDSlw,QDCal,QDPed,DTCal,DTOff,TAveOff,tu_det,tu_geo,tu_ch,td_det,td_geo,td_ch,qu_geo,qu_ch,qd_geo,qd_ch,is_tref,is_hpc,id_hpc,Ignore
1,101,13,3,1,-1901.8,0,9555.64,0.09766,-5,0,0.0468656,83.0971,0.0976609,0,0,0.0481699,69.9128,7.098240,-13.393300,0,42,11,0,42,11,16,21,0,21,16,0,0,0,0
2,102,13,3,1,-1779.4,0,9555.64,0.0976609,-5,0,0.0452642,90.8877,0.0976607,0,0,0.0487688,77.8135,7.231660,-8.646280,0,42,11,1,42,11,17,21,1,21,17,0,0,0,0
3,103,13,3,1,-1657,0,9555.64,0.0976605,-5,0,0.0418224,91.1656,0.0976608,0,0,0.042041,64.6867,7.197370,-12.029100,0,42,11,2,42,11,18,21,2,21,18,0,0,0,0
4,104,13,3,1,-1534.6,0,9555.64,0.0976604,-5,0,0.044196,73.0724,0.0976609,0,0,0.0455891,67.3431,7.036390,-14.436100,0,42,11,3,42,11,19,21,3,21,19,0,0,0,0
5,105,13,3,1,-1412.2,0,9555.64,0.0976601,-5,0,0.0447297,85.7372,0.0976607,0,0,0.0479397,59.7213,7.231760,-6.016080,0,42,11,4,42,11,20,21,4,21,20,0,0,0,0
6,106,13,3,1,-1289.8,0,9555.64,0.0976603,-5,0,0.0412648,77.6937,0.0976609,0,0,0.0485406,65.7156,7.254560,-10.175200,0,42,11,5,42,11,21,21,5,21,21,0,0,0,0
7,107,13,3,1,-1167.4,0,9555.64,0.0976604,-5,0,0.0442331,84.9311,0.0976609,0,0,0.0476535,62.3105,7.091910,-10.645400,0,42,11,6,42,11,22,21,6,21,22,0,0,0,0
8,108,13,3,1,-1045,0,9555.64,0.0976604,-5,0,0.0478615,80.5903,0.097661,0,0,0.0456852,59.4879,7.015530,-12.653800,0,42,11,7,42,11,23,21,7,21,23,0,0,0,0
9,109,13,3,1,-922.6,0,9555.64,0.0976604,-5,0,0.0368651,81.7785,0.0976612,0,0,0.0467015,46.7354,7.162890,-24.980000,0,42,11,8,42,11,24,21,8,21,24,0,0,0,0
10,110,13,3,1,-800.2,0,9555.64,0.0976607,-5,0,0.042209,89.7642,0.0976608,0,0,0.0474756,67.1766,6.973120,-3.857940,0,42,11,9,42,11,25,21,9,21,25,0,0,0,0
11,111,13,3,1,-677.8,0,9555.64,0.0976607,-5,0,0.0421214,87.6839,0.0976611,0,0,0.0429699,63.6997,7.162130,-9.393790,0,42,11,10,42,11,26,21,10,21,26,0,0,0,0
12,112,13,3,1,-555.4,0,9555.64,0.0976606,-5,0,0.0465759,95.9176,0.0976608,0,0,0.0486517,81.8709,7.166400,-16.538800,0,42,11,11,42,11,27,21,11,21,27,0,0,0,0
13,113,13,3,1,-433,0,9555.64,0.0976605,-5,0,0.042053,84.7089,0.097661,0,0,0.0473495,58.4016,7.189030,-14.313100,0,42,11,12,42,11,28,21,12,21,28,0,0,0,0
14,114,13,3,1,-310.6,0,9555.64,0.0976606,-5,0,0.0445427,92.0072,0.0976608,0,0,0.0457647,62.1322,7.223740,-7.633150,0,42,11,13,42,11,29,21,13,21,29,0,0,0,0
15,115,13,3,1,-188.2,0,9555.64,0.0976606,-5,0,0.0477649,81.5376,0.0976609,0,0,0.0510747,61.0829,7.049370,-11.268500,0,42,11,14,42,11,30,21,14,21,30,0,0,0,0
16,116,13,3,1,-65.8,0,9555.64,0.0976605,-5,0,0.0471244,68.9477,0.0976605,0,0,0.0441932,78.1362,7.208190,0.090472,0,42,11,44,42,11,60,22,12,22,28,0,0,0,0
17,117,13,3,1,56.6,0,9555.64,0.0976606,-5,0,0.046714,78.4326,0.0976604,0,0,0.0489366,68.461,7.310380,8.818590,0,42,11,33,42,11,49,22,1,22,17,0,0,0,0
18,118,13,3,1,179,0,9555.64,0.0976607,-5,0,0.0471811,84.686,0.0976602,0,0,0.0438936,59.5224,7.272310,10.338700,0,42,11,34,42,11,50,22,2,22,18,0,0,0,0
19,119,13,3,1,301.4,0,9555.64,0.0976609,-5,0,0.0477632,70.7733,0.0976605,0,0,0.0444465,61.8514,7.299160,4.661100,0,42,11,35,42,11,51,22,3,22,19,0,0,0,0
20,120,13,3,1,423.8,0,9555.64,0.0976605,-5,0,0.0504116,120.305,0.0976609,0,0,0.048882,78.7092,6.994900,7.157670,0,42,11,36,42,11,52,22,4,22,20,0,0,0,0
21,121,13,3,1,546.2,0,9555.64,0.097661,-5,0,0.0446477,91.5577,0.0976606,0,0,0.0412354,76.6867,7.341800,0.073320,0,42,11,37,42,11,53,22,5,22,21,0,0,0,0
22,122,13,3,1,668.6,0,9555.64,0.0976604,-5,0,0.0456458,102.024,0.0976609,0,0,0.0436442,66.9452,7.118200,9.263540,0,42,11,38,42,11,54,22,6,22,22,0,0,0,0
23,123,13,3,1,791,0,9555.64,0.097661,-5,0,0.0469605,73.5906,0.0976602,0,0,0.0454778,61.696,7.347180,4.807690,0,42,11,39,42,11,55,22,7,22,23,0,0,0,0
24,124,13,3,1,913.4,0,9555.64,0.0976609,-5,0,0.0459816,69.0325,0.0976605,0,0,0.0454261,77.9854,7.158460,4.305150,0,42,11,40,42,11,56,22,8,22,24,0,0,0,0
25,125,13,3,1,1035.8,0,9555.64,0.0976609,-5,0,0.0380617,84.0655,0.0976606,0,0,0.047562,108.395,7.403250,7.750350,0,42,11,41,42,11,57,22,9,22,25,0,0,0,0
26,126,13,3,1,1158.2,0,9555.64,0.0976604,-5,0,0.0453188,75.4345,0.0976603,0,0,0.0469974,68.0877,7.226990,5.794940,0,42,11,42,42,11,58,22,10,22,26,0,0,0,0
27,127,13,3,1,1280.6,0,9555.64,0.0976604,-5,0,0.0467119,69.5577,0.0976608,0,0,0.0462641,78.6313,7.379870,6.137190,0,42,11,43,42,11,59,22,11,22,27,0,0,0,0
28,128,13,3,1,1403,0,9555.64,0.0976612,-5,0,0.0474035,70.9338,0.0976604,0,0,0.0518177,67.5984,7.013830,-0.391799,0,42,11,47,42,11,63,22,15,22,31,0,0,0,0
29,129,13,3,1,1525.4,0,9555.64,0.0976608,-5,0,0.0542691,86.5725,0.0976608,0,0,0.0508168,72.2604,7.232290,-1.641820,0,42,11,79,42,11,95,23,15,23,31,0,0,0,0
30,130,13,3,1,1647.8,0,9555.64,0.0976598,-5,0,0.0441479,61.6931,0.0976596,0,0,0.0439628,61.366,7.385220,-0.013653,0,42,12,15,42,12,31,24,15,24,31,0,0,0,0
31,201,13,3,2,-1901.8,0,9675.64,0.0976609,-5,0,0.0482018,79.0735,0.0976611,0,0,0.0454985,73.0622,7.072190,-5.618420,0,42,11,64,42,11,80,23,0,23,16,0,0,0,0
32,202,13,3,2,-1779.4,0,9675.64,0.0976604,-5,0,0.0460855,95.2715,0.0976612,0,0,0.0479977,74.5428,7.138530,-2.801000,0,42,11,65,42,11,81,23,1,23,17,0,0,0,0
33,203,13,3,2,-1657,0,9675.64,0.0976604,-5,0,0.0447199,108.848,0.0976609,0,0,0.0461983,58.4171,7.204260,1.870970,0,42,11,66,42,11,82,23,2,23,18,0,0,0,0
34,204,13,3,2,-1534.6,0,9675.64,0.0976608,-5,0,0.0484979,87.7118,0.097661,0,0,0.0426514,41.7009,7.181530,-3.730610,0,42,11,67,42,11,83,23,3,23,19,0,0,0,0
35,205,13,3,2,-1412.2,0,9675.64,0.0976609,-5,0,0.0467507,81.0822,0.097661,0,0,0.0474157,93.2189,7.367560,3.003190,0,42,11,68,42,11,84,23,4,23,20,0,0,0,0
36,206,13,3,2,-1289.8,0,9675.64,0.0976609,-5,0,0.0476275,65.2185,0.097661,0,0,0.0462124,91.6023,7.503280,-4.662800,0,42,11,69,42,11,85,23,5,23,21,0,0,0,0
37,207,13,3,2,-1167.4,0,9675.64,0.0976609,-5,0,0.0423912,71.47,0.0976608,0,0,0.0427862,71.8228,7.319550,-2.616480,0,42,11,70,42,11,86,23,6,23,22,0,0,0,0
38,208,13,3,2,-1045,0,9675.64,0.0976608,-5,0,0.0421676,56.2919,0.0976607,0,0,0.0457434,75.7701,7.159360,7.727440,0,42,11,71,42,11,87,23,7,23,23,0,0,0,0
39,209,13,3,2,-922.6,0,9675.64,0.0976607,-5,0,0.0441761,68.9296,0.0976605,0,0,0.0501613,88.0535,6.964970,5.546800,0,42,11,72,42,11,88,23,8,23,24,0,0,0,0
40,210,13,3,2,-800.2,0,9675.64,0.0976608,-5,0,0.0508326,85.1005,0.097661,0,0,0.0479833,73.7383,7.092610,2.626100,0,42,11,73,42,11,89,23,9,23,25,0,0,0,0
41,211,13,3,2,-677.8,0,9675.64,0.0976609,-5,0,0.0531286,87.2687,0.0976609,0,0,0.0440279,91.2437,7.004340,-13.011100,0,42,11,74,42,11,90,23,10,23,26,0,0,0,0
42,212,13,3,2,-555.4,0,9675.64,0.0976603,-5,0,0.0517866,78.7447,0.097661,0,0,0.0540604,96.1811,7.119690,-8.106780,0,42,11,75,42,11,91,23,11,23,27,0,0,0,0
43,213,13,3,2,-433,0,9675.64,0.0976609,-5,0,0.0449028,85.9549,0.0976605,0,0,0.050892,82.2627,7.291160,0.156995,0,42,11,76,42,11,92,23,12,23,28,0,0,0,0
44,214,13,3,2,-310.6,0,9675.64,0.0976609,-5,0,0.047503,79.2271,0.097661,0,0,0.0482771,83.1874,7.194860,4.149390,0,42,11,77,42,11,93,23,13,23,29,0,0,0,0
45,215,13,3,2,-188.2,0,9675.64,0.0976609,-5,0,0.0491317,86.0255,0.0976601,0,0,0.0499089,72.0262,7.241260,-0.210996,0,42,11,78,42,11,94,23,14,23,30,0,0,0,0
46,216,13,3,2,-65.8,0,9675.64,0.0976602,-5,0,0.0467229,78.2498,0.0976606,0,0,0.049933,83.9751,7.135650,-0.893831,0,42,11,45,42,11,61,22,13,22,29,0,0,0,0
47,217,13,3,2,56.6,0,9675.64,0.0976594,-5,0,0.0442169,67.8656,0.09766,0,0,0.048933,69.9964,7.334990,0.177612,0,42,12,1,42,12,17,24,1,24,17,0,0,0,0
48,218,13,3,2,179,0,9675.64,0.0976589,-5,0,0.0486248,77.3249,0.0976593,0,0,0.0470768,64.2964,7.253510,-0.259469,0,42,12,2,42,12,18,24,2,24,18,0,0,0,0
49,219,13,3,2,301.4,0,9675.64,0.0976591,-5,0,0.0506334,61.1931,0.0976595,0,0,0.0452938,62.1867,7.197820,5.227050,0,42,12,3,42,12,19,24,3,24,19,0,0,0,0
50,220,13,3,2,423.8,0,9675.64,0.097659,-5,0,0.0541583,101.239,0.0976593,0,0,0.047406,44.4543,7.186650,6.816230,0,42,12,4,42,12,20,24,4,24,20,0,0,0,0
51,221,13,3,2,546.2,0,9675.64,0.0976596,-5,0,0.0488571,90.1162,0.0976597,0,0,0.0496548,58.8883,7.194830,1.704780,0,42,12,5,42,12,21,24,5,24,21,0,0,0,0
52,222,13,3,2,668.6,0,9675.64,0.0976593,-5,0,0.0517713,94.3231,0.0976597,0,0,0.048257,58.3002,7.170550,3.825630,0,42,12,6,42,12,22,24,6,24,22,0,0,0,0
53,223,13,3,2,791,0,9675.64,0.0976594,-5,0,0.047839,59.6595,0.0976596,0,0,0.0469302,37.0468,7.121090,4.153580,0,42,12,7,42,12,23,24,7,24,23,0,0,0,0
54,224,13,3,2,913.4,0,9675.64,0.0976594,-5,0,0.0475276,82.3009,0.0976596,0,0,0.0467713,55.1775,7.192840,0.330984,0,42,12,8,42,12,24,24,8,24,24,0,0,0,0
55,225,13,3,2,1035.8,0,9675.64,0.0976595,-5,0,0.0489175,76.4453,0.0976594,0,0,0.0471985,61.6848,7.200200,-4.753040,0,42,12,9,42,12,25,24,9,24,25,0,0,0,0
56,226,13,3,2,1158.2,0,9675.64,0.0976592,-5,0,0.0500053,83.2295,0.0976594,0,0,0.0436479,75.2334,7.179650,-4.351550,0,42,12,10,42,12,26,24,10,24,26,0,0,0,0
57,227,13,3,2,1280.6,0,9675.64,0.0976594,-5,0,0.0560783,76.2747,0.0976594,0,0,0.0464073,67.2428,7.226620,-11.259000,0,42,12,11,42,12,27,24,11,24,27,0,0,0,0
58,228,13,3,2,1403,0,9675.64,0.0976593,-5,0,0.053684,77.8442,0.0976598,0,0,0.0514688,56.1864,7.355170,-3.935760,0,42,12,12,42,12,28,24,12,24,28,0,0,0,0
59,229,13,3,2,1525.4,0,9675.64,0.0976587,-5,0,0.0477863,74.7593,0.0976593,0,0,0.0459375,58.1304,7.288410,1.349600,0,42,12,13,42,12,29,24,13,24,29,0,0,0,0
60,230,13,3,2,1647.8,0,9675.64,0.0976602,-5,0,0.0508805,89.225,0.0976596,0,0,0.0538673,89.8876,7.041980,13.595000,0,42,12,14,42,12,30,24,14,24,30,0,0,0,0
61,301,13,4,1,-1901.8,0,10405.95,0.0976587,-10,0,0.0499406,64.4249,0.0976417,0,0,0.0485905,65.5162,6.920890,11.120300,0,44,13,15,44,13,31,26,15,26,31,0,0,0,0
62,302,13,4,1,-1779.4,0,10405.95,0.0976587,-10,0,0.0475934,79.5817,0.0976595,0,0,0.0461189,92.821,7.062470,-0.404744,0,44,13,1,44,13,17,26,1,26,17,0,0,0,0
63,303,13,4,1,-1657,0,10405.95,0.0976594,-10,0,0.0474724,100.431,0.0976582,0,0,0.0490247,99.4194,7.251390,-0.008355,0,44,13,2,44,13,18,26,2,26,18,0,0,0,0
64,304,13,4,1,-1534.6,0,10405.95,0.0976592,-10,0,0.0497465,73.9197,0.0976583,0,0,0.0488865,94.3576,7.136810,7.111490,0,44,13,3,44,13,19,26,3,26,19,0,0,0,0
65,305,13,4,1,-1412.2,0,10405.95,0.0976596,-10,0,0.0492529,95.4276,0.0976587,0,0,0.0507609,104.611,7.300530,16.301400,0,44,13,4,44,13,20,26,4,26,20,0,0,0,0
66,306,13,4,1,-1289.8,0,10405.95,0.0976587,-10,0,0.0507312,89.7454,0.0976592,0,0,0.05036,98.0046,7.481380,0.200048,0,44,13,5,44,13,21,26,5,26,21,0,0,0,0
67,307,13,4,1,-1167.4,0,10405.95,0.0976585,-10,0,0.0501291,93.5355,0.0976587,0,0,0.0481574,85.6094,6.900750,2.052410,0,44,13,6,44,13,22,26,6,26,22,0,0,0,0
68,308,13,4,1,-1045,0,10405.95,0.0976594,-10,0,0.0500446,97.1978,0.0976585,0,0,0.0486966,79.3239,7.054530,5.927840,0,44,13,7,44,13,23,26,7,26,23,0,0,0,0
69,309,13,4,1,-922.6,0,10405.95,0.0976597,-10,0,0.0491145,74.6149,0.0976592,0,0,0.0533352,94.8974,6.968350,3.623840,0,44,13,8,44,13,24,26,8,26,24,0,0,0,0
70,310,13,4,1,-800.2,0,10405.95,0.0976596,-10,0,0.0479308,73.0348,0.0976593,0,0,0.0471609,83.5105,7.134500,4.394470,0,44,13,9,44,13,25,26,9,26,25,0,0,0,0
71,311,13,4,1,-677.8,0,10405.95,0.0976588,-10,0,0.0482356,98.8068,0.0976592,0,0,0.0515652,101.895,7.325210,5.533240,0,44,13,10,44,13,26,26,10,26,26,0,0,0,0
72,312,13,4,1,-555.4,0,10405.95,0.0976589,-10,0,0.047209,98.2543,0.0976585,0,0,0.0473903,97.5534,7.085270,4.607620,0,44,13,11,44,13,27,26,11,26,27,0,0,0,0
73,313,13,4,1,-433,0,10405.95,0.0976585,-10,0,0.0489382,103.232,0.0976594,0,0,0.0455747,72.0302,7.320120,8.079650,0,44,13,12,44,13,28,26,12,26,28,0,0,0,0
74,314,13,4,1,-310.6,0,10405.95,0.0976588,-10,0,0.0465405,89.0793,0.0976594,0,0,0.0487796,68.8719,7.194710,7.711180,0,44,13,13,44,13,29,26,13,26,29,0,0,0,0
75,315,13,4,1,-188.2,0,10405.95,0.0976593,-10,0,0.0466061,78.7112,0.0976584,0,0,0.0500375,88.6463,7.159710,3.471330,0,44,13,14,44,13,30,26,14,26,30,0,0,0,0
76,316,13,4,1,-65.8,0,10405.95,0.0976593,-10,0,0.0454661,33.5154,0.0976591,0,0,0.0489652,76.9352,7.047680,6.273110,0,44,13,47,44,13,63,27,15,27,31,0,0,0,0
77,317,13,4,1,56.6,0,10405.95,0.0976591,-10,0,0.0427501,38.8081,0.097659,0,0,0.0466744,66.2333,7.013020,5.687820,0,44,13,33,44,13,49,27,1,27,17,0,0,0,0
78,318,13,4,1,179,0,10405.95,0.0976592,-10,0,0.0475328,74.7977,0.0976589,0,0,0.0451569,61.4066,6.964920,7.327240,0,44,13,34,44,13,50,27,2,27,18,0,0,0,0
79,319,13,4,1,301.4,0,10405.95,0.0976593,-10,0,0.0461429,45.6401,0.0976589,0,0,0.0471372,95.523,7.728120,13.225200,0,44,13,35,44,13,51,27,3,27,19,0,0,0,0
80,320,13,4,1,423.8,0,10405.95,0.0976592,-10,0,0.0496178,60.6784,0.0976591,0,0,0.0501204,94.1044,7.256950,-6.693200,0,44,13,36,44,13,52,27,4,27,20,0,0,0,0
81,321,13,4,1,546.2,0,10405.95,0.0976592,-10,0,0.0445472,66.4377,0.097659,0,0,0.0455483,79.7247,7.208820,0.356057,0,44,13,37,44,13,53,27,5,27,21,0,0,0,0
82,322,13,4,1,668.6,0,10405.95,0.0976591,-10,0,0.0449788,56.9176,0.0976592,0,0,0.0479975,88.5508,7.103880,6.772070,0,44,13,38,44,13,54,27,6,27,22,0,0,0,0
83,323,13,4,1,791,0,10405.95,0.097659,-10,0,0.0484712,57.2172,0.0976589,0,0,0.0485378,78.0945,7.354400,7.783210,0,44,13,39,44,13,55,27,7,27,23,0,0,0,0
84,324,13,4,1,913.4,0,10405.95,0.0976591,-10,0,0.0459452,40.1717,0.0976593,0,0,0.0483894,94.9736,7.499480,1.457950,0,44,13,40,44,13,56,27,8,27,24,0,0,0,0
85,325,13,4,1,1035.8,0,10405.95,0.0976592,-10,0,0.0467001,56.3318,0.0976591,0,0,0.0479156,93.8303,7.580440,3.206920,0,44,13,41,44,13,57,27,9,27,25,0,0,0,0
86,326,13,4,1,1158.2,0,10405.95,0.0976592,-10,0,0.0462374,57.2286,0.0976592,0,0,0.0454496,68.7954,6.999010,7.191350,0,44,13,42,44,13,58,27,10,27,26,0,0,0,0
87,327,13,4,1,1280.6,0,10405.95,0.0976592,-10,0,0.0454724,64.6699,0.097659,0,0,0.0464625,73.5147,7.361420,2.229800,0,44,13,43,44,13,59,27,11,27,27,0,0,0,0
88,328,13,4,1,1403,0,10405.95,0.0976591,-10,0,0.0464715,69.0374,0.0976589,0,0,0.0530481,75.6202,7.131830,6.099970,0,44,13,44,44,13,60,27,12,27,28,0,0,0,0
89,329,13,4,1,1525.4,0,10405.95,0.0976592,-10,0,0.050193,57.5543,0.0976592,0,0,0.049708,75.5763,7.130150,-0.253574,0,44,13,45,44,13,61,27,13,27,29,0,0,0,0
90,330,13,4,1,1647.8,0,10405.95,0.0976593,-10,0,0.0448495,39.6918,0.0976593,0,0,0.0488631,67.1372,6.983170,11.801100,0,44,13,46,44,13,62,27,14,27,30,0,0,0,0
91,401,13,4,2,-1901.8,0,10525.95,0.0976592,-10,0,0.0501285,78.8281,0.0976594,0,0,0.0513302,109.362,7.350750,9.191770,0,44,13,64,44,13,80,28,0,28,16,0,0,0,0
92,402,13,4,2,-1779.4,0,10525.95,0.0976592,-10,0,0.0478176,61.8305,0.0976589,0,0,0.0496212,129.016,7.480450,9.366430,0,44,13,65,44,13,81,28,1,28,17,0,0,0,0
93,403,13,4,2,-1657,0,10525.95,0.0976593,-10,0,0.0457455,79.4317,0.0976591,0,0,0.0493312,100.746,7.076130,7.299570,0,44,13,66,44,13,82,28,2,28,18,0,0,0,0
94,404,13,4,2,-1534.6,0,10525.95,0.0976592,-10,0,0.0484056,52.1089,0.097659,0,0,0.0446845,114.927,7.839140,6.590760,0,44,13,67,44,13,83,28,3,28,19,0,0,0,0
95,405,13,4,2,-1412.2,0,10525.95,0.0976592,-10,0,0.0488406,80.4163,0.0976592,0,0,0.0531659,121.254,7.558470,12.108600,0,44,13,68,44,13,84,28,4,28,20,0,0,0,0
96,406,13,4,2,-1289.8,0,10525.95,0.0976592,-10,0,0.0500615,71.5965,0.0976592,0,0,0.0481206,119.744,7.692180,9.572970,0,44,13,69,44,13,85,28,5,28,21,0,0,0,0
97,407,13,4,2,-1167.4,0,10525.95,0.0976591,-10,0,0.0489736,80.1969,0.0976595,0,0,0.0522144,114.689,6.948380,3.686270,0,44,13,70,44,13,86,28,6,28,22,0,0,0,0
98,408,13,4,2,-1045,0,10525.95,0.0976592,-10,0,0.0463582,59.576,0.0976592,0,0,0.0524351,116.657,6.850180,5.019300,0,44,13,71,44,13,87,28,7,28,23,0,0,0,0
99,409,13,4,2,-922.6,0,10525.95,0.0976591,-10,0,0.04572,55.2553,0.0976585,0,0,0.0490749,89.1304,7.062920,-0.469149,0,44,13,72,44,13,88,28,8,28,24,0,0,0,0
100,410,13,4,2,-800.2,0,10525.95,0.0976591,-10,0,0.0460919,62.9223,0.0976597,0,0,0.0502158,90.9295,7.174440,4.174770,0,44,13,73,44,13,89,28,9,28,25,0,0,0,0
101,411,13,4,2,-677.8,0,10525.95,0.097659,-10,0,0.0478503,79.265,0.0976585,0,0,0.0462684,106.362,7.177570,6.715410,0,44,13,74,44,13,90,28,10,28,26,0,0,0,0
102,412,13,4,2,-555.4,0,10525.95,0.097659,-10,0,0.0453635,49.0187,0.0976592,0,0,0.0466139,71.0692,7.230630,8.878330,0,44,13,79,44,13,95,28,15,28,31,0,0,0,0
103,413,13,4,2,-433,0,10525.95,0.0976591,-10,0,0.0516129,76.9762,0.0976596,0,0,0.0492187,104.034,7.150910,5.813110,0,44,13,76,44,13,92,28,12,28,28,0,0,0,0
104,414,13,4,2,-310.6,0,10525.95,0.0976592,-10,0,0.0489518,59.7024,0.0976595,0,0,0.041607,92.0124,7.252130,6.096310,0,44,13,77,44,13,93,28,13,28,29,0,0,0,0
105,415,13,4,2,-188.2,0,10525.95,0.0976595,-10,0,0.0472335,55.7195,0.0976595,0,0,0.0510791,101.97,7.441370,9.723440,0,44,13,78,44,13,94,28,14,28,30,0,0,0,0
106,416,13,4,2,-65.8,0,10525.95,0.0976585,-10,0,0.047867,63.2841,0.0976591,10,0,0.0464066,64.4159,6.942100,10.317300,0,44,13,111,42,12,111,29,15,29,31,0,0,0,0
107,417,13,4,2,56.6,0,10525.95,0.0976584,-10,0,0.0484521,58.9457,0.0976596,10,0,0.0491565,63.5075,7.098720,27.356600,0,44,13,97,42,12,97,29,1,29,17,0,0,0,0
108,418,13,4,2,179,0,10525.95,0.0976585,-10,0,0.0448003,70.4686,0.0976593,10,0,0.0477717,73.8426,7.221690,24.721000,0,44,13,98,42,12,98,29,2,29,18,0,0,0,0
109,419,13,4,2,301.4,0,10525.95,0.0976584,-10,0,0.0468039,54.7097,0.0976589,10,0,0.0512292,81.2842,6.930820,32.254500,0,44,13,99,42,12,99,29,3,29,19,0,0,0,0
110,420,13,4,2,423.8,0,10525.95,0.0976583,-10,0,0.0474623,93.8305,0.0976586,10,0,0.0471194,61.2889,7.506230,32.846300,0,44,13,100,42,12,100,29,4,29,20,0,0,0,0
111,421,13,4,2,546.2,0,10525.95,0.0976587,-10,0,0.0439229,78.8846,0.0976591,10,0,0.048687,80.8367,7.087730,36.955500,0,44,13,101,42,12,101,29,5,29,21,0,0,0,0
112,422,13,4,2,668.6,0,10525.95,0.0976589,-10,0,0.0412801,93.6978,0.0976589,10,0,0.0468318,100.121,7.353710,33.998900,0,44,13,102,42,12,102,29,6,29,22,0,0,0,0
113,423,13,4,2,791,0,10525.95,0.0976588,-10,0,0.0435228,81.099,0.0976591,10,0,0.0473066,83.0197,7.124480,24.128400,0,44,13,103,42,12,103,29,7,29,23,0,0,0,0
114,424,13,4,2,913.4,0,10525.95,0.0976585,-10,0,0.0474843,44.4429,0.0976588,10,0,0.0489192,75.26,7.110240,32.960000,0,44,13,104,42,12,104,29,8,29,24,0,0,0,0
115,425,13,4,2,1035.8,0,10525.95,0.0976585,-10,0,0.0467299,45.9564,0.0976589,10,0,0.0486696,80.8265,7.269300,28.422100,0,44,13,105,42,12,105,29,9,29,25,0,0,0,0
116,426,13,4,2,1158.2,0,10525.95,0.0976584,-10,0,0.043597,55.0831,0.0976595,10,0,0.047435,70.7454,7.834150,36.161100,0,44,13,106,42,12,106,29,10,29,26,0,0,0,0
117,427,13,4,2,1280.6,0,10525.95,0.0976585,-10,0,0.0465661,53.6321,0.0976587,10,0,0.0490891,84.4823,7.718470,42.750000,0,44,13,107,42,12,107,29,11,29,27,0,0,0,0
118,428,13,4,2,1403,0,10525.95,0.0976586,-10,0,0.0438555,61.0113,0.0976587,10,0,0.0490732,80.6415,7.302370,29.317900,0,44,13,108,42,12,108,29,12,29,28,0,0,0,0
119,429,13,4,2,1525.4,0,10525.95,0.0976582,-10,0,0.0489732,77.1772,0.0976592,10,0,0.0443544,65.2272,7.153690,25.512400,0,44,13,109,42,12,109,29,13,29,29,0,0,0,0
120,430,13,4,2,1647.8,0,10525.95,0.0976585,-10,0,0.0470634,97.398,0.0976591,10,0,0.0440506,56.2807,6.817960,29.032700,0,44,13,110,42,12,110,29,14,29,30,0,0,0,0
121,V101,13,3,0,-1832,0,11493.72,0.0976598,0,0,1,102.331,0.0976594,0,0,1,82.2416,1,0,0,42,12,32,42,12,48,25,0,25,16,0,0,0,0
122,V102,13,3,0,-1522,0,11508.72,0.09766,0,0,1,117.36,0.0976594,0,0,1,91.4157,1,0,0,42,12,33,42,12,49,25,1,25,17,0,0,0,0
123,V103,13,3,0,-1212,0,11493.72,0.0976596,0,0,1,108.724,0.0976593,0,0,1,79.2888,1,0,0,42,12,34,42,12,50,25,2,25,18,0,0,0,0
124,V104,13,3,0,-902,0,11508.72,0.09766,0,0,1,103.584,0.097659,0,0,1,82.2552,1,0,0,42,12,35,42,12,51,25,3,25,19,0,0,0,0
125,V105,13,3,0,-592,0,11493.72,0.0976594,0,0,1,141.414,0.0976599,0,0,1,99.2629,1,0,0,42,12,36,42,12,52,25,4,25,20,0,0,0,0
126,V106,13,3,0,-282,0,11508.72,0.0976595,0,0,1,144.735,0.0976592,0,0,1,97.9655,1,0,0,42,12,37,42,12,53,25,5,25,21,0,0,0,0
127,V107,13,3,0,28,0,11493.72,0.0976596,0,0,1,144.396,0.0976597,0,0,1,106.333,1,0,0,42,12,38,42,12,54,25,6,25,22,0,0,0,0
128,V108,13,3,0,338,0,11508.72,0.0976601,0,0,1,143.971,0.0976587,0,0,1,102.993,1,0,0,42,12,39,42,12,55,25,7,25,23,0,0,0,0
129,V109,13,3,0,648,0,11493.72,0.0976593,0,0,1,125.304,0.0976592,0,0,1,96.0657,1,0,0,42,12,45,42,12,56,25,13,25,24,0,0,0,0
130,V110,13,3,0,958,0,11508.72,0.0976595,0,0,1,104.693,0.0976591,0,0,1,94.9581,1,0,0,42,12,47,42,12,57,25,15,25,25,0,0,0,0
131,V111,13,3,0,1268,0,11493.72,0.0976593,0,0,1,109.071,0.0976597,0,0,1,112.897,1,0,0,42,12,46,42,12,58,25,14,25,26,0,0,0,0
132,V112,13,3,0,1578,0,11508.72,0.0976594,0,0,1,137.414,0.0976593,0,0,1,110.567,1,0,0,42,12,44,42,12,59,25,12,25,27,0,0,0,0
133,V201,13,4,0,-1832,0,12339.72,0.0976596,0,0,1,105.86,0.0976596,0,0,1,108.523,1,0,0,42,12,64,42,12,80,30,0,30,16,0,0,0,0
134,V202,13,4,0,-1522,0,12354.72,0.0976595,0,0,1,132.534,0.0976594,0,0,1,116.484,1,0,0,42,12,65,42,12,81,30,1,30,17,0,0,0,0
135,V203,13,4,0,-1212,0,12339.72,0.0976596,0,0,1,117.953,0.0976597,0,0,1,116.965,1,0,0,42,12,66,42,12,82,30,2,30,18,0,0,0,0
136,V204,13,4,0,-902,0,12354.72,0.0976593,0,0,1,102.94,0.0976597,0,0,1,108.678,1,0,0,42,12,67,42,12,83,30,3,30,19,0,0,0,0
137,V205,13,4,0,-592,0,12339.72,0.0976594,0,0,1,103.625,0.0976595,0,0,1,133.437,1,0,0,42,12,68,42,12,84,30,4,30,20,0,0,0,0
138,V206,13,4,0,-282,0,12354.72,0.0976596,0,0,1,102.952,0.0976593,0,0,1,127.117,1,0,0,42,12,69,42,12,85,30,5,30,21,0,0,0,0
139,V207,13,4,0,28,0,12339.72,0.0976593,0,0,1,110.142,0.0976593,0,0,1,141.37,1,0,0,42,12,70,42,12,86,30,6,30,22,0,0,0,0
140,V208,13,4,0,338,0,12354.72,0.0976595,0,0,1,105.862,0.0976594,0,0,1,119.413,1,0,0,42,12,71,42,12,87,30,7,30,23,0,0,0,0
141,V209,13,4,0,648,0,12339.72,0.0976593,0,0,1,114.488,0.0976593,0,0,1,128.549,1,0,0,42,12,72,42,12,88,30,8,30,24,0,0,0,0
142,V210,13,4,0,958,0,12354.72,0.0976594,0,0,1,96.3922,0.0976594,0,0,1,117.109,1,0,0,42,12,73,42,12,89,30,9,30,25,0,0,0,0
143,V211,13,4,0,1268,0,12339.72,0.0976596,0,0,1,127.791,0.0976594,0,0,1,138.018,1,0,0,42,12,74,42,12,90,30,10,30,26,0,0,0,0
144,V212,13,4,0,1578,0,12354.72,0.0976593,0,0,1,107.184,0.097659,0,0,1,121.884,1,0,0,42,12,75,42,12,91,30,11,30,27,0,0,0,0
145,Tref1,13,2,0,0,0,0,1,0,0,0,0,1,0,0,0,0,0,0,0,42,11,112,-1,-1,-1,-1,-1,-1,-1,0,0,0,0
146,Tref2,13,2,0,0,0,0,1,0,0,0,0,1,0,0,0,0,0,0,0,42,12,112,-1,-1,-1,-1,-1,-1,-1,0,0,0,0
147,Tref3,13,2,0,0,0,0,1,0,0,0,0,1,0,0,0,0,0,0,0,44,13,112,-1,-1,-1,-1,-1,-1,-1,0,0,0,0
148,HPC1,13,1,0,0,0,0,1,0,0,1,0,1,0,0,1,0,1,0,0,44,14,96,-1,-1,-1,-1,-1,-1,-1,0,1,1,0
149,HPC2,13,1,0,0,0,0,1,0,0,1,0,1,0,0,1,0,1,0,0,44,14,97,-1,-1,-1,-1,-1,-1,-1,0,1,2,0
150,HPC3,13,1,0,0,0,0,1,0,0,1,0,1,0,0,1,0,1,0,0,44,14,98,-1,-1,-1,-1,-1,-1,-1,0,1,3,0
151,HPC4,13,2,0,0,0,0,1,0,0,1,0,1,0,0,1,0,1,0,0,44,14,99,-1,-1,-1,-1,-1,-1,-1,0,1,4,0
152,HPC5,13,2,0,0,0,0,1,0,0,1,0,1,0,0,1,0,1,0,0,44,14,100,-1,-1,-1,-1,-1,-1,-1,0,1,5,0
153,HPC6,13,2,0,0,0,0,1,0,0,1,0,1,0,0,1,0,1,0,0,44,14,101,-1,-1,-1,-1,-1,-1,-1,0,1,6,0
154,HPC7,13,2,0,0,0,0,1,0,0,1,0,1,0,0,1,0,1,0,0,44,14,102,-1,-1,-1,-1,-1,-1,-1,0,1,7,0
155,HPC8,13,3,0,0,0,0,1,0,0,1,0,1,0,0,1,0,1,0,0,44,14,103,-1,-1,-1,-1,-1,-1,-1,0,1,8,0
156,HPC9,13,3,0,0,0,0,1,0,0,1,0,1,0,0,1,0,1,0,0,44,14,104,-1,-1,-1,-1,-1,-1,-1,0,1,9,0
157,HPC10,13,4,0,0,0,0,1,0,0,1,0,1,0,0,1,0,1,0,0,44,14,105,-1,-1,-1,-1,-1,-1,-1,0,1,10,0
158,HPC11,13,4,0,0,0,0,1,0,0,1,0,1,0,0,1,0,1,0,0,44,14,106,-1,-1,-1,-1,-1,-1,-1,0,1,11,0
159,HPC12,13,4,0,0,0,0,1,0,0,1,0,1,0,0,1,0,1,0,0,44,14,107,-1,-1,-1,-1,-1,-1,-1,0,1,12,0
160,HPC13,13,4,0,0,0,0,1,0,0,1,0,1,0,0,1,0,1,0,0,44,14,108,-1,-1,-1,-1,-1,-1,-1,0,1,13,0
161,HPC14,13,5,0,0,0,0,1,0,0,1,0,1,0,0,1,0,1,0,0,44,14,109,-1,-1,-1,-1,-1,-1,-1,0,1,14,0
162,HPC15,13,5,0,0,0,0,1,0,0,1,0,1,0,0,1,0,1,0,0,44,14,110,-1,-1,-1,-1,-1,-1,-1,0,1,15,0
163,HPC16,13,5,0,0,0,0,1,0,0,1,0,1,0,0,1,0,1,0,0,44,14,111,-1,-1,-1,-1,-1,-1,-1,0,1,16,0
164,Tref4,13,2,0,0,0,0,1,0,0,0,0,1,0,0,0,0,0,0,0,44,14,112,-1,-1,-1,-1,-1,-1,-1,0,0,0,0
165,V301,13,1,0,0,0,0,1,0,0,1,0,1,0,0,1,0,1,0,0,44,14,0,44,14,1,-1,-1,-1,-1,0,0,0,0
166,V302,13,1,0,0,0,0,1,0,0,1,0,1,0,0,1,0,1,0,0,44,14,2,44,14,3,-1,-1,-1,-1,0,0,0,0
167,V303,13,1,0,0,0,0,1,0,0,1,0,1,0,0,1,0,1,0,0,44,14,4,44,14,5,-1,-1,-1,-1,0,0,0,0
168,V304,13,1,0,0,0,0,1,0,0,1,0,1,0,0,1,0,1,0,0,44,14,6,44,14,7,-1,-1,-1,-1,0,0,0,0
169,V305,13,1,0,0,0,0,1,0,0,1,0,1,0,0,1,0,1,0,0,44,14,8,44,14,9,-1,-1,-1,-1,0,0,0,0
170,V306,13,1,0,0,0,0,1,0,0,1,0,1,0,0,1,0,1,0,0,44,14,10,44,14,11,-1,-1,-1,-1,0,0,0,0
171,V307,13,1,0,0,0,0,1,0,0,1,0,1,0,0,1,0,1,0,0,44,14,12,44,14,13,-1,-1,-1,-1,0,0,0,0
172,V308,13,1,0,0,0,0,1,0,0,1,0,1,0,0,1,0,1,0,0,44,14,14,44,14,15,-1,-1,-1,-1,0,0,0,0
173,V309,13,1,0,0,0,0,1,0,0,1,0,1,0,0,1,0,1,0,0,44,14,16,44,14,17,-1,-1,-1,-1,0,0,0,0
174,V310,13,1,0,0,0,0,1,0,0,1,0,1,0,0,1,0,1,0,0,44,14,18,44,14,19,-1,-1,-1,-1,0,0,0,0
175,V401,13,2,0,0,0,0,1,0,0,1,0,1,0,0,1,0,1,0,0,44,14,20,44,14,21,-1,-1,-1,-1,0,0,0,0
176,V402,13,2,0,0,0,0,1,0,0,1,0,1,0,0,1,0,1,0,0,44,14,22,44,14,23,-1,-1,-1,-1,0,0,0,0
177,V403,13,2,0,0,0,0,1,0,0,1,0,1,0,0,1,0,1,0,0,44,14,24,44,14,25,-1,-1,-1,-1,0,0,0,0
178,V404,13,2,0,0,0,0,1,0,0,1,0,1,0,0,1,0,1,0,0,44,14,26,44,14,27,-1,-1,-1,-1,0,0,0,0
179,V405,13,2,0,0,0,0,1,0,0,1,0,1,0,0,1,0,1,0,0,44,14,28,44,14,29,-1,-1,-1,-1,0,0,0,0
180,V406,13,2,0,0,0,0,1,0,0,1,0,1,0,0,1,0,1,0,0,44,14,30,44,14,31,-1,-1,-1,-1,0,0,0,0
181,V407,13,2,0,0,0,0,1,0,0,1,0,1,0,0,1,0,1,0,0,44,14,32,44,14,33,-1,-1,-1,-1,0,0,0,0
182,V408,13,2,0,0,0,0,1,0,0,1,0,1,0,0,1,0,1,0,0,44,14,34,44,14,35,-1,-1,-1,-1,0,0,0,0
183,V409,13,2,0,0,0,0,1,0,0,1,0,1,0,0,1,0,1,0,0,44,14,36,44,14,37,-1,-1,-1,-1,0,0,0,0
184,V410,13,2,0,0,0,0,1,0,0,1,0,1,0,0,1,0,1,0,0,44,14,38,44,14,39,-1,-1,-1,-1,0,0,0,0
185,SBT1,13,2,0,0,0,0,1,0,0,0,0,1,0,0,0,0,0,0,0,42,11,113,-1,-1,-1,-1,-1,-1,-1,1,0,0,0
186,SBT2,13,2,0,0,0,0,1,0,0,0,0,1,0,0,0,0,0,0,0,42,12,113,-1,-1,-1,-1,-1,-1,-1,1,0,0,0
187,SBT3,13,2,0,0,0,0,1,0,0,0,0,1,0,0,0,0,0,0,0,44,13,113,-1,-1,-1,-1,-1,-1,-1,1,0,0,0
188,SBT4,13,2,0,0,0,0,1,0,0,0,0,1,0,0,0,0,0,0,0,44,14,113,-1,-1,-1,-1,-1,-1,-1,1,0,0,0
